fenice,Fenice
dglongshots,Dg longshots
ironman,IronMan
gizmo91,gizmo91
cethsenpai,Ceth Senpai
colin,Colin
deelljade,Deell Jade
adam,Adam Katarn
anthony,Anthony sowell
sinclair,Sinclair
sinaffliction,SinAffliction
spedubbs,Spe dubbs
swaggatron,Swaggatron
swordix,Swordix
moleliza1,Mol Eliza1
moleliza2,Mol Eliza2
notmoleliza,Not Mol Eliza
renpei,Ren lue Pei
nfnation,NF Nation
natsu,Natsu
